article_id,cluster
1,47
2,38
3,33
4,24
5,43
6,2
7,45
8,42
9,16
10,22
11,29
12,2
13,24
14,43
15,48
16,47
17,8
18,43
19,16
20,22
21,12
22,12
23,34
24,8
25,9
26,47
27,22
28,47
29,26
30,18
31,41
32,8
33,33
34,48
35,8
36,16
37,35
38,43
39,16
40,35
41,42
42,8
43,42
44,2
45,42
46,18
47,35
48,16
49,2
50,42
51,12
52,12
53,25
54,42
55,33
56,45
57,12
58,24
59,35
60,35
61,2
62,12
63,8
64,35
65,35
66,47
67,16
68,2
69,42
70,35
71,16
72,43
73,33
74,16
75,20
76,35
77,22
78,42
79,35
80,33
81,8
82,8
83,42
84,20
85,16
86,8
87,24
88,42
89,12
90,2
91,2
92,33
93,5
94,16
95,33
96,42
97,16
98,2
99,45
100,35
101,5
102,8
103,45
104,42
105,19
106,35
107,16
108,16
109,16
110,3
111,18
112,22
113,15
114,42
115,35
116,12
117,42
118,18
119,26
120,48
121,16
122,42
123,33
124,25
125,8
126,2
127,42
128,16
129,8
130,43
131,12
132,33
133,43
134,43
135,42
136,11
137,12
138,35
139,2
140,16
141,42
142,25
143,22
144,12
145,16
146,8
147,20
148,33
149,43
150,43
151,2
152,2
153,35
154,43
155,2
156,8
157,48
158,43
159,16
160,42
161,12
162,24
163,43
164,42
165,8
166,2
167,8
168,12
169,45
170,20
171,12
172,45
173,47
174,24
175,35
176,42
177,25
178,35
179,12
180,12
181,45
182,8
183,43
184,43
185,16
186,35
187,42
188,8
189,47
190,22
191,35
192,42
193,2
194,42
195,43
196,16
197,2
198,22
199,35
200,35
201,48
202,5
203,42
204,15
205,35
206,38
207,42
208,35
209,2
210,24
211,24
212,15
213,22
214,8
215,42
216,2
217,24
218,24
219,25
220,12
221,35
222,35
223,45
224,12
225,43
226,42
227,35
228,26
229,25
230,43
231,18
232,42
233,16
234,20
235,8
236,2
237,48
238,4
239,4
240,42
241,43
242,43
243,2
244,43
245,22
246,42
247,37
248,22
249,8
250,42
251,33
252,12
253,12
254,43
255,12
256,38
257,2
258,24
259,8
260,22
261,16
262,42
263,12
264,8
265,42
266,45
267,45
268,33
269,2
270,21
271,15
272,42
273,33
274,8
275,12
276,12
277,33
278,16
279,8
280,8
281,20
282,35
283,25
284,18
285,35
286,34
287,16
288,2
289,8
290,47
291,2
292,3
293,16
294,12
295,42
296,2
297,8
298,8
299,48
300,33
301,45
302,42
303,18
304,35
305,12
306,12
307,35
308,12
309,45
310,42
311,42
312,43
313,12
314,25
315,12
316,48
317,48
318,20
319,16
320,42
321,12
322,3
323,3
324,48
325,48
326,42
327,16
328,20
329,43
330,8
331,45
332,3
333,43
334,15
335,33
336,5
337,28
338,16
339,42
340,43
341,2
342,42
343,42
344,48
345,24
346,12
347,12
348,48
349,13
350,25
351,48
352,43
353,25
354,12
355,2
356,25
357,16
358,45
359,48
360,12
361,42
362,16
363,24
364,12
365,45
366,16
367,2
368,34
369,45
370,2
371,33
372,42
373,45
374,48
375,48
376,12
377,16
378,48
379,48
380,2
381,35
382,0
383,8
384,12
385,43
386,15
387,35
388,8
389,11
390,5
391,5
392,42
393,16
394,12
395,48
396,43
397,20
398,42
399,2
400,3
401,2
402,16
403,42
404,12
405,42
406,12
407,16
408,42
409,12
410,42
411,12
412,8
413,43
414,2
415,33
416,12
417,2
418,2
419,48
420,38
421,18
422,25
423,42
424,17
425,45
426,48
427,47
428,16
429,42
430,2
431,17
432,8
433,12
434,48
435,35
436,24
437,12
438,3
439,8
440,4
441,8
442,16
443,45
444,20
445,24
446,8
447,20
448,48
449,12
450,2
451,8
452,24
453,12
454,47
455,25
456,5
457,35
458,11
459,16
460,22
461,42
462,8
463,18
464,3
465,3
466,48
467,20
468,8
469,12
470,12
471,20
472,33
473,45
474,42
475,2
476,48
477,12
478,16
479,12
480,16
481,2
482,8
483,5
484,24
485,15
486,42
487,22
488,33
489,47
490,15
491,34
492,12
493,8
494,2
495,25
496,43
497,45
498,42
499,12
500,26
501,45
502,8
503,42
504,16
505,24
506,2
507,22
508,12
509,48
510,43
511,8
512,43
513,43
514,16
515,8
516,12
517,25
518,21
519,12
520,45
521,25
522,33
523,12
524,43
525,43
526,12
527,25
528,12
529,16
530,2
531,48
532,48
533,2
534,48
535,47
536,22
537,25
538,16
539,47
540,19
541,12
542,16
543,15
544,42
545,16
546,48
547,2
548,5
549,35
550,16
551,15
552,16
553,35
554,28
555,2
556,8
557,18
558,33
559,18
560,12
561,35
562,2
563,35
564,8
565,25
566,33
567,12
568,24
569,3
570,3
571,15
572,8
573,22
574,11
575,35
576,47
577,16
578,42
579,2
580,16
581,5
582,12
583,33
584,42
585,25
586,48
587,8
588,16
589,48
590,2
591,42
592,25
593,45
594,48
595,11
596,25
597,3
598,24
599,8
600,25
601,47
602,45
603,11
604,11
605,25
606,18
607,43
608,12
609,15
610,2
611,26
612,33
613,16
614,5
615,2
616,35
617,3
618,33
619,18
620,33
621,21
622,5
623,16
624,25
625,43
626,22
627,5
628,16
629,37
630,25
631,42
632,3
633,20
634,25
635,35
636,12
637,22
638,8
639,22
640,43
641,5
642,2
643,16
644,5
645,12
646,42
647,8
648,42
649,25
650,24
651,28
652,33
653,48
654,48
655,8
656,6
657,8
658,48
659,42
660,18
661,35
662,20
663,5
664,12
665,24
666,33
667,42
668,8
669,11
670,42
671,45
672,8
673,18
674,15
675,42
676,2
677,46
678,2
679,42
680,43
681,8
682,48
683,43
684,33
685,33
686,30
687,15
688,12
689,20
690,48
691,48
692,47
693,43
694,24
695,48
696,12
697,48
698,35
699,35
700,5
701,35
702,47
703,8
704,18
705,3
706,48
707,25
708,5
709,2
710,12
711,42
712,12
713,12
714,15
715,16
716,24
717,3
718,2
719,25
720,16
721,42
722,33
723,48
724,45
725,48
726,16
727,15
728,35
729,33
730,43
731,3
732,42
733,16
734,12
735,3
736,12
737,48
738,35
739,42
740,12
741,33
742,46
743,16
744,33
745,20
746,11
747,26
748,18
749,15
750,11
751,43
752,45
753,48
754,2
755,43
756,3
757,46
758,25
759,21
760,45
761,2
762,43
763,22
764,25
765,48
766,12
767,28
768,16
769,12
770,35
771,47
772,2
773,2
774,18
775,42
776,33
777,24
778,46
779,2
780,12
781,18
782,16
783,33
784,48
785,12
786,22
787,16
788,22
789,18
790,33
791,9
792,2
793,47
794,22
795,26
796,47
797,25
798,47
799,49
800,33
801,33
802,10
803,18
804,22
805,34
806,25
807,16
808,47
809,4
810,20
811,33
812,33
813,37
814,32
815,5
816,15
817,22
818,34
819,23
820,27
821,10
822,20
823,4
824,10
825,9
826,25
827,1
828,28
829,33
830,47
831,26
832,35
833,21
834,20
835,33
836,18
837,47
838,47
839,22
840,5
841,26
842,5
843,25
844,15
845,47
846,15
847,16
848,42
849,20
850,47
851,10
852,47
853,35
854,16
855,24
856,35
857,38
858,22
859,47
860,22
861,38
862,22
863,48
864,17
865,42
866,5
867,33
868,37
869,47
870,26
871,25
872,2
873,19
874,5
875,27
876,22
877,47
878,5
879,18
880,9
881,48
882,33
883,35
884,5
885,4
886,26
887,34
888,22
889,37
890,19
891,4
892,47
893,22
894,5
895,29
896,35
897,33
898,25
899,47
900,33
901,49
902,18
903,25
904,35
905,46
906,46
907,4
908,28
909,9
910,5
911,26
912,33
913,35
914,43
915,47
916,47
917,46
918,22
919,22
920,43
921,47
922,21
923,22
924,29
925,22
926,33
927,46
928,47
929,18
930,22
931,12
932,47
933,18
934,26
935,33
936,46
937,16
938,38
939,34
940,16
941,48
942,5
943,47
944,5
945,5
946,2
947,5
948,5
949,34
950,22
951,26
952,47
953,33
954,22
955,33
956,37
957,4
958,35
959,2
960,5
961,18
962,22
963,9
964,29
965,33
966,46
967,9
968,16
969,22
970,2
971,20
972,25
973,47
974,46
975,2
976,32
977,12
978,22
979,10
980,37
981,37
982,22
983,33
984,25
985,19
986,37
987,43
988,46
989,16
990,5
991,25
992,32
993,47
994,22
995,42
996,9
997,47
998,10
999,27
1000,4
1001,20
1002,49
1003,37
1004,33
1005,12
1006,15
1007,21
1008,20
1009,43
1010,19
1011,29
1012,15
1013,22
1014,37
1015,34
1016,25
1017,22
1018,46
1019,16
1020,37
1021,3
1022,2
1023,4
1024,16
1025,18
1026,13
1027,17
1028,48
1029,28
1030,45
1031,22
1032,22
1033,42
1034,22
1035,47
1036,19
1037,47
1038,35
1039,18
1040,25
1041,18
1042,3
1043,21
1044,48
1045,46
1046,13
1047,37
1048,17
1049,21
1050,22
1051,43
1052,47
1053,37
1054,28
1055,16
1056,34
1057,25
1058,49
1059,21
1060,47
1061,33
1062,15
1063,4
1064,44
1065,28
1066,26
1067,29
1068,4
1069,30
1070,22
1071,47
1072,42
1073,47
1074,48
1075,16
1076,20
1077,25
1078,33
1079,29
1080,26
1081,47
1082,34
1083,47
1084,25
1085,34
1086,4
1087,22
1088,24
1089,47
1090,9
1091,12
1092,37
1093,22
1094,4
1095,33
1096,47
1097,48
1098,26
1099,16
1100,2
1101,10
1102,22
1103,25
1104,5
1105,38
1106,25
1107,13
1108,9
1109,25
1110,18
1111,9
1112,22
1113,22
1114,12
1115,22
1116,42
1117,16
1118,25
1119,21
1120,26
1121,37
1122,25
1123,24
1124,22
1125,46
1126,12
1127,46
1128,22
1129,9
1130,18
1131,47
1132,29
1133,25
1134,33
1135,21
1136,46
1137,33
1138,47
1139,22
1140,38
1141,28
1142,28
1143,25
1144,32
1145,38
1146,2
1147,5
1148,22
1149,25
1150,19
1151,35
1152,33
1153,32
1154,27
1155,5
1156,5
1157,8
1158,9
1159,25
1160,33
1161,33
1162,18
1163,47
1164,18
1165,26
1166,28
1167,33
1168,22
1169,22
1170,35
1171,22
1172,47
1173,5
1174,25
1175,22
1176,5
1177,34
1178,13
1179,33
1180,16
1181,37
1182,24
1183,12
1184,34
1185,37
1186,26
1187,12
1188,49
1189,20
1190,18
1191,25
1192,19
1193,25
1194,47
1195,2
1196,2
1197,22
1198,15
1199,22
1200,33
1201,28
1202,25
1203,46
1204,47
1205,15
1206,22
1207,22
1208,27
1209,12
1210,33
1211,14
1212,37
1213,25
1214,25
1215,17
1216,33
1217,18
1218,16
1219,46
1220,22
1221,4
1222,5
1223,18
1224,22
1225,48
1226,18
1227,33
1228,0
1229,22
1230,16
1231,49
1232,22
1233,25
1234,21
1235,44
1236,33
1237,0
1238,18
1239,37
1240,17
1241,28
1242,46
1243,22
1244,16
1245,18
1246,8
1247,29
1248,19
1249,16
1250,5
1251,19
1252,22
1253,32
1254,26
1255,22
1256,25
1257,16
1258,22
1259,32
1260,42
1261,25
1262,46
1263,33
1264,25
1265,17
1266,46
1267,47
1268,22
1269,18
1270,33
1271,17
1272,22
1273,22
1274,28
1275,5
1276,47
1277,16
1278,35
1279,47
1280,35
1281,8
1282,34
1283,22
1284,2
1285,17
1286,47
1287,33
1288,47
1289,13
1290,32
1291,28
1292,18
1293,25
1294,5
1295,35
1296,27
1297,2
1298,13
1299,8
1300,47
1301,33
1302,9
1303,18
1304,22
1305,4
1306,47
1307,8
1308,47
1309,35
1310,22
1311,19
1312,16
1313,16
1314,25
1315,5
1316,33
1317,21
1318,32
1319,2
1320,22
1321,46
1322,46
1323,22
1324,19
1325,24
1326,9
1327,28
1328,4
1329,10
1330,22
1331,27
1332,9
1333,42
1334,29
1335,24
1336,4
1337,15
1338,47
1339,47
1340,9
1341,29
1342,43
1343,49
1344,37
1345,25
1346,35
1347,25
1348,2
1349,47
1350,25
1351,21
1352,47
1353,25
1354,2
1355,17
1356,16
1357,25
1358,25
1359,15
1360,35
1361,47
1362,17
1363,33
1364,47
1365,22
1366,22
1367,25
1368,5
1369,38
1370,25
1371,47
1372,17
1373,49
1374,46
1375,32
1376,13
1377,8
1378,42
1379,15
1380,26
1381,43
1382,37
1383,13
1384,8
1385,48
1386,22
1387,35
1388,22
1389,33
1390,46
1391,37
1392,46
1393,22
1394,47
1395,4
1396,9
1397,34
1398,47
1399,12
1400,0
1401,2
1402,34
1403,16
1404,22
1405,29
1406,38
1407,17
1408,10
1409,47
1410,33
1411,48
1412,12
1413,46
1414,47
1415,17
1416,35
1417,22
1418,42
1419,15
1420,33
1421,5
1422,26
1423,22
1424,25
1425,47
1426,20
1427,15
1428,27
1429,29
1430,38
1431,26
1432,33
1433,22
1434,12
1435,13
1436,33
1437,12
1438,12
1439,26
1440,22
1441,16
1442,16
1443,13
1444,9
1445,12
1446,22
1447,19
1448,5
1449,5
1450,37
1451,5
1452,4
1453,17
1454,0
1455,22
1456,48
1457,47
1458,9
1459,35
1460,25
1461,12
1462,4
1463,34
1464,15
1465,4
1466,22
1467,13
1468,22
1469,2
1470,32
1471,4
1472,49
1473,28
1474,35
1475,25
1476,25
1477,35
1478,47
1479,8
1480,17
1481,22
1482,15
1483,28
1484,18
1485,22
1486,9
1487,25
1488,33
1489,49
1490,15
1491,33
1492,47
1493,16
1494,18
1495,18
1496,26
1497,49
1498,33
1499,25
1500,46
1501,12
1502,22
1503,15
1504,47
1505,22
1506,2
1507,16
1508,5
1509,29
1510,6
1511,47
1512,29
1513,2
1514,27
1515,33
1516,15
1517,25
1518,16
1519,34
1520,37
1521,35
1522,26
1523,15
1524,16
1525,22
1526,5
1527,22
1528,32
1529,22
1530,9
1531,25
1532,5
1533,15
1534,22
1535,19
1536,27
1537,4
1538,38
1539,27
1540,28
1541,0
1542,22
1543,42
1544,26
1545,4
1546,33
1547,22
1548,37
1549,25
1550,25
1551,34
1552,46
1553,9
1554,42
1555,32
1556,35
1557,42
1558,48
1559,33
1560,46
1561,13
1562,44
1563,2
1564,38
1565,19
1566,29
1567,49
1568,48
1569,15
1570,21
1571,26
1572,35
1573,3
1574,4
1575,22
1576,43
1577,16
1578,34
1579,33
1580,22
1581,34
1582,43
1583,16
1584,17
1585,28
1586,26
1587,29
1588,47
1589,26
1590,18
1591,33
1592,25
1593,13
1594,18
1595,47
1596,17
1597,23
1598,25
1599,25
1600,26
1601,12
1602,29
1603,15
1604,2
1605,47
1606,48
1607,16
1608,5
1609,47
1610,19
1611,33
1612,25
1613,42
1614,33
1615,4
1616,2
1617,18
1618,38
1619,12
1620,26
1621,25
1622,25
1623,19
1624,33
1625,18
1626,47
1627,25
1628,32
1629,33
1630,47
1631,46
1632,12
1633,43
1634,42
1635,33
1636,25
1637,22
1638,16
1639,37
1640,25
1641,33
1642,46
1643,38
1644,26
1645,21
1646,5
1647,5
1648,42
1649,25
1650,15
1651,38
1652,22
1653,12
1654,45
1655,5
1656,37
1657,18
1658,35
1659,25
1660,34
1661,16
1662,27
1663,9
1664,37
1665,28
1666,32
1667,25
1668,25
1669,19
1670,5
1671,22
1672,43
1673,22
1674,29
1675,12
1676,21
1677,16
1678,25
1679,9
1680,25
1681,33
1682,5
1683,15
1684,32
1685,17
1686,12
1687,38
1688,2
1689,29
1690,34
1691,21
1692,4
1693,13
1694,19
1695,34
1696,5
1697,34
1698,48
1699,25
1700,47
1701,4
1702,38
1703,10
1704,42
1705,26
1706,18
1707,28
1708,13
1709,16
1710,29
1711,13
1712,5
1713,19
1714,30
1715,26
1716,29
1717,18
1718,22
1719,5
1720,47
1721,16
1722,15
1723,17
1724,28
1725,33
1726,2
1727,12
1728,45
1729,16
1730,18
1731,33
1732,42
1733,32
1734,10
1735,25
1736,16
1737,10
1738,46
1739,29
1740,5
1741,33
1742,29
1743,48
1744,27
1745,47
1746,22
1747,25
1748,22
1749,28
1750,5
1751,27
1752,14
1753,26
1754,22
1755,10
1756,34
1757,49
1758,35
1759,28
1760,47
1761,8
1762,13
1763,47
1764,33
1765,4
1766,21
1767,4
1768,47
1769,33
1770,16
1771,17
1772,26
1773,19
1774,17
1775,5
1776,33
1777,47
1778,47
1779,16
1780,13
1781,22
1782,2
1783,18
1784,10
1785,22
1786,35
1787,5
1788,25
1789,5
1790,25
1791,49
1792,18
1793,42
1794,18
1795,13
1796,38
1797,47
1798,9
1799,29
1800,10
1801,28
1802,22
1803,5
1804,47
1805,32
1806,33
1807,8
1808,2
1809,9
1810,37
1811,46
1812,3
1813,46
1814,25
1815,16
1816,17
1817,18
1818,0
1819,2
1820,9
1821,16
1822,16
1823,22
1824,22
1825,15
1826,46
1827,47
1828,21
1829,33
1830,25
1831,37
1832,22
1833,12
1834,45
1835,37
1836,47
1837,32
1838,44
1839,29
1840,4
1841,49
1842,26
1843,9
1844,33
1845,38
1846,25
1847,16
1848,37
1849,4
1850,22
1851,4
1852,18
1853,25
1854,22
1855,18
1856,5
1857,15
1858,15
1859,49
1860,33
1861,13
1862,25
1863,33
1864,9
1865,32
1866,33
1867,16
1868,29
1869,28
1870,5
1871,25
1872,10
1873,22
1874,25
1875,5
1876,5
1877,46
1878,21
1879,5
1880,49
1881,22
1882,4
1883,16
1884,18
1885,49
1886,47
1887,35
1888,15
1889,5
1890,16
1891,43
1892,22
1893,18
1894,13
1895,22
1896,48
1897,22
1898,19
1899,13
1900,27
1901,12
1902,2
1903,21
1904,33
1905,35
1906,25
1907,47
1908,4
1909,23
1910,18
1911,20
1912,37
1913,33
1914,47
1915,42
1916,28
1917,12
1918,5
1919,13
1920,25
1921,4
1922,25
1923,25
1924,19
1925,22
1926,18
1927,4
1928,23
1929,42
1930,37
1931,25
1932,44
1933,22
1934,18
1935,22
1936,22
1937,17
1938,33
1939,25
1940,17
1941,47
1942,25
1943,17
1944,33
1945,38
1946,47
1947,22
1948,29
1949,9
1950,25
1951,22
1952,49
1953,35
1954,49
1955,12
1956,15
1957,37
1958,25
1959,34
1960,5
1961,5
1962,47
1963,17
1964,16
1965,2
1966,22
1967,4
1968,47
1969,34
1970,4
1971,25
1972,20
1973,12
1974,21
1975,48
1976,33
1977,5
1978,48
1979,42
1980,19
1981,48
1982,34
1983,44
1984,10
1985,27
1986,33
1987,38
1988,1
1989,18
1990,9
1991,47
1992,25
1993,48
1994,4
1995,33
1996,33
1997,34
1998,17
1999,47
2000,22
2001,33
2002,33
2003,18
2004,46
2005,18
2006,17
2007,32
2008,47
2009,13
2010,46
2011,48
2012,33
2013,27
2014,47
2015,28
2016,47
2017,5
2018,33
2019,32
2020,28
2021,25
2022,28
2023,27
2024,26
2025,25
2026,16
2027,25
2028,13
2029,22
2030,47
2031,22
2032,22
2033,46
2034,47
2035,17
2036,29
2037,42
2038,38
2039,33
2040,44
2041,17
2042,33
2043,47
2044,22
2045,46
2046,47
2047,46
2048,35
2049,25
2050,18
2051,18
2052,25
2053,19
2054,27
2055,16
2056,46
2057,15
2058,33
2059,46
2060,49
2061,26
2062,22
2063,22
2064,33
2065,29
2066,16
2067,15
2068,35
2069,38
2070,5
2071,26
2072,49
2073,22
2074,32
2075,38
2076,47
2077,22
2078,38
2079,12
2080,19
2081,13
2082,47
2083,33
2084,15
2085,15
2086,15
2087,47
2088,26
2089,4
2090,42
2091,16
2092,4
2093,22
2094,10
2095,22
2096,22
2097,46
2098,34
2099,49
2100,48
2101,33
2102,8
2103,33
2104,16
2105,29
2106,48
2107,47
2108,27
2109,37
2110,22
2111,28
2112,22
2113,32
2114,9
2115,9
2116,22
2117,20
2118,22
2119,5
2120,15
2121,37
2122,5
2123,15
2124,16
2125,38
2126,16
2127,32
2128,48
2129,27
2130,43
2131,25
2132,5
2133,27
2134,47
2135,33
2136,25
2137,25
2138,15
2139,2
2140,34
2141,22
2142,15
2143,19
2144,8
2145,3
2146,8
2147,34
2148,33
2149,25
2150,12
2151,2
2152,33
2153,2
2154,11
2155,26
2156,40
2157,19
2158,2
2159,34
2160,4
2161,4
2162,33
2163,25
2164,34
2165,25
2166,22
2167,47
2168,5
2169,18
2170,22
2171,28
2172,15
2173,38
2174,46
2175,18
2176,19
2177,13
2178,22
2179,18
2180,15
2181,48
2182,42
2183,32
2184,46
2185,0
2186,47
2187,33
2188,47
2189,5
2190,22
2191,48
2192,22
2193,25
2194,19
2195,44
2196,22
2197,5
2198,25
2199,23
2200,2
2201,25
2202,18
2203,2
2204,35
2205,32
2206,21
2207,33
2208,5
2209,22
2210,21
2211,25
2212,25
2213,16
2214,21
2215,17
2216,25
2217,5
2218,35
2219,4
2220,12
2221,25
2222,2
2223,2
2224,16
2225,25
2226,2
2227,33
2228,29
2229,17
2230,4
2231,33
2232,49
2233,21
2234,30
2235,48
2236,27
2237,48
2238,33
2239,5
2240,47
2241,16
2242,29
2243,38
2244,22
2245,17
2246,43
2247,33
2248,22
2249,33
2250,18
2251,47
2252,19
2253,29
2254,0
2255,42
2256,33
2257,29
2258,22
2259,10
2260,33
2261,25
2262,18
2263,38
2264,18
2265,38
2266,15
2267,25
2268,15
2269,37
2270,19
2271,33
2272,18
2273,46
2274,9
2275,22
2276,13
2277,16
2278,22
2279,18
2280,22
2281,22
2282,33
2283,22
2284,47
2285,33
2286,47
2287,5
2288,44
2289,33
2290,18
2291,33
2292,34
2293,23
2294,5
2295,32
2296,20
2297,5
2298,47
2299,35
2300,49
2301,25
2302,22
2303,13
2304,46
2305,48
2306,28
2307,35
2308,2
2309,49
2310,19
2311,33
2312,22
2313,4
2314,35
2315,18
2316,33
2317,46
2318,34
2319,27
2320,38
2321,8
2322,46
2323,25
2324,8
2325,26
2326,4
2327,47
2328,48
2329,38
2330,38
2331,22
2332,32
2333,29
2334,33
2335,22
2336,5
2337,21
2338,28
2339,43
2340,25
2341,48
2342,18
2343,33
2344,22
2345,16
2346,28
2347,21
2348,46
2349,25
2350,12
2351,15
2352,42
2353,18
2354,13
2355,26
2356,46
2357,34
2358,25
2359,47
2360,46
2361,38
2362,25
2363,2
2364,18
2365,47
2366,43
2367,47
2368,32
2369,43
2370,16
2371,25
2372,5
2373,17
2374,46
2375,47
2376,25
2377,42
2378,22
2379,25
2380,17
2381,9
2382,22
2383,10
2384,38
2385,33
2386,48
2387,17
2388,48
2389,33
2390,22
2391,47
2392,47
2393,28
2394,37
2395,16
2396,33
2397,27
2398,19
2399,18
2400,25
2401,32
2402,22
2403,15
2404,47
2405,32
2406,49
2407,33
2408,33
2409,47
2410,33
2411,25
2412,29
2413,16
2414,29
2415,22
2416,16
2417,22
2418,37
2419,22
2420,25
2421,22
2422,33
2423,24
2424,46
2425,33
2426,2
2427,32
2428,15
2429,28
2430,26
2431,46
2432,47
2433,33
2434,21
2435,9
2436,25
2437,29
2438,22
2439,29
2440,48
2441,22
2442,33
2443,49
2444,22
2445,38
2446,16
2447,22
2448,33
2449,5
2450,22
2451,18
2452,44
2453,21
2454,29
2455,26
2456,22
2457,33
2458,19
2459,33
2460,49
2461,26
2462,33
2463,46
2464,17
2465,4
2466,32
2467,22
2468,25
2469,22
2470,47
2471,46
2472,28
2473,21
2474,33
2475,8
2476,9
2477,18
2478,34
2479,5
2480,20
2481,10
2482,32
2483,5
2484,33
2485,35
2486,47
2487,17
2488,33
2489,3
2490,35
2491,29
2492,26
2493,25
2494,47
2495,2
2496,37
2497,33
2498,25
2499,33
2500,46
2501,25
2502,47
2503,22
2504,18
2505,12
2506,48
2507,0
2508,13
2509,16
2510,42
2511,48
2512,5
2513,48
2514,25
2515,25
2516,13
2517,22
2518,17
2519,5
2520,2
2521,48
2522,0
2523,46
2524,49
2525,9
2526,25
2527,47
2528,22
2529,9
2530,35
2531,47
2532,12
2533,4
2534,22
2535,47
2536,28
2537,42
2538,25
2539,46
2540,22
2541,2
2542,19
2543,46
2544,17
2545,48
2546,13
2547,9
2548,4
2549,22
2550,20
2551,21
2552,25
2553,43
2554,19
2555,16
2556,27
2557,33
2558,47
2559,33
2560,32
2561,25
2562,33
2563,46
2564,26
2565,33
2566,33
2567,17
2568,17
2569,25
2570,29
2571,9
2572,33
2573,5
2574,22
2575,25
2576,47
2577,17
2578,47
2579,33
2580,47
2581,48
2582,32
2583,13
2584,33
2585,16
2586,2
2587,22
2588,4
2589,46
2590,22
2591,38
2592,5
2593,16
2594,33
2595,22
2596,8
2597,3
2598,9
2599,2
2600,9
2601,9
2602,48
2603,9
2604,12
2605,23
2606,47
2607,25
2608,28
2609,46
2610,17
2611,47
2612,33
2613,16
2614,34
2615,33
2616,18
2617,22
2618,33
2619,34
2620,25
2621,5
2622,49
2623,18
2624,22
2625,22
2626,37
2627,34
2628,48
2629,33
2630,22
2631,3
2632,25
2633,47
2634,45
2635,26
2636,25
2637,5
2638,35
2639,2
2640,10
2641,9
2642,34
2643,26
2644,10
2645,22
2646,25
2647,33
2648,33
2649,12
2650,2
2651,27
2652,33
2653,25
2654,25
2655,37
2656,22
2657,38
2658,19
2659,28
2660,15
2661,42
2662,21
2663,22
2664,46
2665,5
2666,18
2667,47
2668,22
2669,2
2670,18
2671,37
2672,10
2673,5
2674,2
2675,15
2676,2
2677,46
2678,48
2679,34
2680,48
2681,42
2682,22
2683,16
2684,18
2685,22
2686,5
2687,15
2688,42
2689,25
2690,33
2691,37
2692,29
2693,34
2694,22
2695,22
2696,25
2697,28
2698,33
2699,18
2700,25
2701,17
2702,34
2703,29
2704,5
2705,15
2706,37
2707,27
2708,5
2709,22
2710,22
2711,13
2712,25
2713,21
2714,47
2715,33
2716,16
2717,28
2718,18
2719,9
2720,9
2721,4
2722,47
2723,5
2724,33
2725,47
2726,26
2727,16
2728,22
2729,22
2730,18
2731,47
2732,33
2733,42
2734,22
2735,25
2736,16
2737,49
2738,47
2739,47
2740,32
2741,46
2742,4
2743,8
2744,15
2745,4
2746,9
2747,49
2748,21
2749,22
2750,33
2751,21
2752,47
2753,25
2754,22
2755,5
2756,29
2757,34
2758,38
2759,13
2760,26
2761,2
2762,49
2763,33
2764,33
2765,5
2766,33
2767,42
2768,46
2769,4
2770,33
2771,17
2772,25
2773,2
2774,12
2775,21
2776,47
2777,29
2778,48
2779,49
2780,4
2781,22
2782,33
2783,25
2784,4
2785,21
2786,18
2787,22
2788,5
2789,17
2790,25
2791,33
2792,5
2793,15
2794,42
2795,18
2796,22
2797,25
2798,4
2799,37
2800,13
2801,16
2802,22
2803,22
2804,22
2805,13
2806,5
2807,13
2808,4
2809,42
2810,34
2811,22
2812,37
2813,4
2814,18
2815,28
2816,15
2817,38
2818,4
2819,13
2820,13
2821,2
2822,18
2823,10
2824,25
2825,33
2826,13
2827,25
2828,25
2829,27
2830,25
2831,22
2832,33
2833,18
2834,22
2835,47
2836,47
2837,13
2838,38
2839,21
2840,17
2841,46
2842,19
2843,47
2844,47
2845,38
2846,28
2847,16
2848,25
2849,22
2850,14
2851,14
2852,37
2853,10
2854,14
2855,14
2856,32
2857,44
2858,32
2859,14
2860,17
2861,14
2862,22
2863,10
2864,22
2865,32
2866,4
2867,37
2868,39
2869,10
2870,9
2871,1
2872,12
2873,40
2874,14
2875,1
2876,14
2877,22
2878,32
2879,10
2880,23
2881,9
2882,29
2883,23
2884,34
2885,10
2886,37
2887,34
2888,39
2889,37
2890,13
2891,1
2892,1
2893,10
2894,10
2895,1
2896,39
2897,49
2898,14
2899,32
2900,27
2901,26
2902,27
2903,32
2904,10
2905,1
2906,27
2907,44
2908,14
2909,32
2910,44
2911,40
2912,39
2913,14
2914,32
2915,10
2916,23
2917,10
2918,34
2919,32
2920,39
2921,10
2922,9
2923,13
2924,39
2925,37
2926,27
2927,17
2928,9
2929,13
2930,44
2931,29
2932,44
2933,10
2934,39
2935,29
2936,18
2937,9
2938,23
2939,10
2940,34
2941,39
2942,10
2943,23
2944,44
2945,9
2946,32
2947,10
2948,32
2949,17
2950,10
2951,9
2952,32
2953,32
2954,14
2955,23
2956,29
2957,18
2958,22
2959,14
2960,37
2961,39
2962,32
2963,32
2964,29
2965,22
2966,40
2967,22
2968,1
2969,9
2970,22
2971,32
2972,44
2973,1
2974,37
2975,37
2976,1
2977,22
2978,1
2979,10
2980,44
2981,40
2982,23
2983,47
2984,27
2985,39
2986,40
2987,44
2988,4
2989,9
2990,10
2991,9
2992,14
2993,10
2994,17
2995,22
2996,37
2997,32
2998,49
2999,32
3000,39
3001,14
3002,23
3003,9
3004,10
3005,14
3006,32
3007,17
3008,22
3009,1
3010,39
3011,22
3012,14
3013,9
3014,34
3015,18
3016,39
3017,37
3018,1
3019,32
3020,22
3021,49
3022,10
3023,32
3024,40
3025,9
3026,39
3027,22
3028,27
3029,22
3030,11
3031,32
3032,23
3033,17
3034,37
3035,34
3036,5
3037,13
3038,21
3039,39
3040,37
3041,1
3042,44
3043,39
3044,44
3045,44
3046,23
3047,10
3048,1
3049,39
3050,9
3051,37
3052,44
3053,39
3054,37
3055,44
3056,14
3057,39
3058,44
3059,42
3060,23
3061,1
3062,39
3063,1
3064,22
3065,44
3066,47
3067,32
3068,39
3069,22
3070,10
3071,39
3072,1
3073,39
3074,39
3075,10
3076,37
3077,32
3078,29
3079,44
3080,44
3081,10
3082,37
3083,32
3084,37
3085,1
3086,23
3087,13
3088,13
3089,23
3090,49
3091,14
3092,10
3093,29
3094,44
3095,49
3096,14
3097,10
3098,10
3099,10
3100,39
3101,27
3102,39
3103,10
3104,9
3105,44
3106,1
3107,23
3108,14
3109,9
3110,44
3111,33
3112,23
3113,49
3114,44
3115,37
3116,27
3117,10
3118,1
3119,10
3120,39
3121,49
3122,10
3123,40
3124,39
3125,29
3126,44
3127,10
3128,44
3129,22
3130,18
3131,1
3132,37
3133,10
3134,9
3135,9
3136,44
3137,44
3138,23
3139,27
3140,22
3141,4
3142,10
3143,23
3144,1
3145,22
3146,13
3147,45
3148,27
3149,44
3150,9
3151,40
3152,22
3153,10
3154,14
3155,1
3156,14
3157,10
3158,25
3159,13
3160,39
3161,44
3162,44
3163,17
3164,32
3165,48
3166,44
3167,39
3168,10
3169,29
3170,37
3171,44
3172,29
3173,32
3174,32
3175,10
3176,22
3177,22
3178,44
3179,14
3180,39
3181,5
3182,37
3183,9
3184,22
3185,40
3186,44
3187,39
3188,23
3189,29
3190,39
3191,32
3192,9
3193,14
3194,10
3195,39
3196,18
3197,22
3198,10
3199,10
3200,39
3201,37
3202,10
3203,37
3204,27
3205,33
3206,37
3207,10
3208,49
3209,44
3210,24
3211,29
3212,10
3213,17
3214,49
3215,47
3216,10
3217,44
3218,32
3219,9
3220,44
3221,1
3222,39
3223,44
3224,27
3225,32
3226,1
3227,1
3228,10
3229,1
3230,37
3231,44
3232,39
3233,40
3234,14
3235,9
3236,14
3237,19
3238,4
3239,34
3240,22
3241,10
3242,44
3243,10
3244,17
3245,22
3246,47
3247,32
3248,40
3249,27
3250,25
3251,18
3252,37
3253,10
3254,18
3255,39
3256,17
3257,44
3258,10
3259,23
3260,29
3261,44
3262,34
3263,37
3264,49
3265,39
3266,14
3267,49
3268,44
3269,23
3270,14
3271,9
3272,13
3273,32
3274,23
3275,32
3276,40
3277,32
3278,44
3279,22
3280,33
3281,34
3282,39
3283,23
3284,14
3285,37
3286,10
3287,44
3288,22
3289,32
3290,46
3291,38
3292,32
3293,32
3294,23
3295,14
3296,39
3297,23
3298,14
3299,17
3300,32
3301,40
3302,27
3303,37
3304,1
3305,10
3306,23
3307,32
3308,14
3309,17
3310,44
3311,49
3312,32
3313,32
3314,32
3315,17
3316,44
3317,29
3318,32
3319,10
3320,40
3321,40
3322,39
3323,23
3324,17
3325,10
3326,10
3327,17
3328,37
3329,14
3330,14
3331,10
3332,9
3333,44
3334,14
3335,17
3336,22
3337,32
3338,13
3339,23
3340,9
3341,4
3342,37
3343,38
3344,37
3345,10
3346,32
3347,23
3348,9
3349,29
3350,22
3351,10
3352,37
3353,9
3354,34
3355,49
3356,32
3357,44
3358,32
3359,13
3360,40
3361,29
3362,44
3363,44
3364,14
3365,1
3366,39
3367,44
3368,1
3369,10
3370,32
3371,37
3372,9
3373,44
3374,39
3375,44
3376,14
3377,44
3378,32
3379,9
3380,14
3381,44
3382,9
3383,22
3384,44
3385,9
3386,23
3387,9
3388,44
3389,27
3390,37
3391,10
3392,9
3393,17
3394,39
3395,32
3396,23
3397,32
3398,44
3399,32
3400,39
3401,23
3402,23
3403,22
3404,23
3405,14
3406,9
3407,34
3408,23
3409,19
3410,10
3411,32
3412,14
3413,39
3414,29
3415,9
3416,13
3417,10
3418,9
3419,13
3420,9
3421,32
3422,32
3423,39
3424,32
3425,34
3426,44
3427,9
3428,34
3429,10
3430,37
3431,49
3432,37
3433,1
3434,47
3435,39
3436,44
3437,14
3438,10
3439,40
3440,37
3441,4
3442,29
3443,49
3444,23
3445,27
3446,23
3447,49
3448,32
3449,27
3450,44
3451,22
3452,37
3453,10
3454,22
3455,23
3456,17
3457,23
3458,34
3459,44
3460,39
3461,13
3462,40
3463,37
3464,32
3465,34
3466,49
3467,44
3468,9
3469,37
3470,39
3471,44
3472,13
3473,23
3474,14
3475,40
3476,23
3477,32
3478,18
3479,37
3480,10
3481,23
3482,23
3483,44
3484,14
3485,37
3486,1
3487,10
3488,37
3489,34
3490,32
3491,23
3492,37
3493,40
3494,44
3495,17
3496,14
3497,10
3498,32
3499,10
3500,9
3501,9
3502,10
3503,39
3504,39
3505,39
3506,39
3507,23
3508,39
3509,44
3510,46
3511,10
3512,9
3513,39
3514,23
3515,33
3516,1
3517,9
3518,32
3519,17
3520,32
3521,25
3522,27
3523,32
3524,33
3525,22
3526,18
3527,49
3528,10
3529,25
3530,39
3531,44
3532,32
3533,47
3534,4
3535,32
3536,10
3537,9
3538,44
3539,9
3540,37
3541,39
3542,44
3543,32
3544,29
3545,22
3546,32
3547,39
3548,44
3549,10
3550,22
3551,23
3552,47
3553,37
3554,34
3555,22
3556,23
3557,44
3558,23
3559,9
3560,19
3561,9
3562,37
3563,9
3564,4
3565,46
3566,17
3567,37
3568,37
3569,10
3570,23
3571,46
3572,9
3573,27
3574,37
3575,27
3576,29
3577,32
3578,18
3579,27
3580,10
3581,44
3582,32
3583,14
3584,9
3585,14
3586,13
3587,32
3588,23
3589,4
3590,39
3591,44
3592,1
3593,10
3594,22
3595,14
3596,44
3597,29
3598,37
3599,29
3600,9
3601,14
3602,39
3603,32
3604,23
3605,22
3606,10
3607,27
3608,37
3609,44
3610,17
3611,44
3612,14
3613,39
3614,29
3615,44
3616,39
3617,1
3618,14
3619,47
3620,37
3621,23
3622,10
3623,32
3624,4
3625,14
3626,10
3627,40
3628,47
3629,44
3630,49
3631,17
3632,10
3633,10
3634,39
3635,23
3636,10
3637,33
3638,37
3639,31
3640,31
3641,7
3642,31
3643,36
3644,36
3645,31
3646,36
3647,31
3648,31
3649,36
3650,31
3651,7
3652,31
3653,36
3654,36
3655,31
3656,31
3657,31
3658,31
3659,7
3660,36
3661,7
3662,31
3663,7
3664,7
3665,36
3666,31
3667,31
3668,7
3669,36
3670,7
3671,7
3672,36
3673,31
3674,7
3675,7
3676,36
3677,31
3678,31
3679,7
3680,31
3681,31
3682,36
3683,31
3684,7
3685,36
3686,31
3687,31
3688,7
3689,36
3690,7
3691,36
3692,36
3693,36
3694,36
3695,36
3696,31
3697,36
3698,36
3699,36
3700,7
3701,36
3702,36
3703,31
3704,31
3705,36
3706,7
3707,36
3708,7
3709,36
3710,31
3711,7
3712,7
3713,36
3714,36
3715,7
3716,31
3717,36
3718,36
3719,31
3720,31
3721,7
3722,31
3723,31
3724,7
3725,31
3726,31
3727,31
3728,7
3729,31
3730,7
3731,31
3732,31
3733,31
3734,31
3735,31
3736,31
3737,31
3738,36
3739,7
3740,31
3741,7
3742,7
3743,7
3744,7
3745,31
3746,7
3747,31
3748,31
3749,7
3750,7
3751,31
3752,31
3753,7
3754,7
3755,7
3756,31
3757,7
3758,7
3759,7
3760,31
3761,7
3762,7
3763,7
3764,31
3765,7
3766,31
3767,7
3768,31
3769,31
3770,7
3771,7
3772,7
3773,31
3774,31
3775,31
3776,31
3777,31
3778,7
3779,7
3780,7
3781,31
3782,31
3783,31
3784,7
3785,31
3786,31
3787,31
3788,7
3789,7
3790,31
3791,31
3792,7
3793,31
3794,7
3795,31
3796,7
3797,31
3798,7
3799,7
3800,7
3801,7
3802,31
3803,7
3804,31
3805,31
3806,7
3807,31
3808,7
3809,31
3810,31
3811,31
3812,31
3813,31
3814,7
3815,31
3816,7
3817,7
3818,7
3819,31
3820,7
3821,7
3822,7
3823,7
3824,7
3825,7
3826,31
3827,31
3828,31
3829,7
3830,7
3831,31
3832,31
3833,7
3834,7
3835,7
3836,31
3837,7
3838,31
3839,7
3840,7
3841,7
3842,7
3843,7
3844,7
3845,7
3846,31
3847,7
3848,31
3849,31
3850,7
3851,31
3852,7
3853,7
3854,7
3855,7
3856,31
3857,31
3858,7
3859,36
3860,36
3861,7
3862,31
3863,31
3864,31
3865,31
3866,36
3867,31
3868,7
3869,31
3870,31
3871,31
3872,7
3873,31
3874,31
3875,7
3876,7
3877,31
3878,7
3879,31
3880,7
